[
    {
        "id": "d573ddd1-7bb9-468d-b906-e392223d9579",
        "output": "穿過右側的穴道後，它的下麵很削尖，陷峽很深，就是穿過右側穴道的地方，因為壁削路障阻，無法順利到達。"
    },
    {
        "id": "e3c475ca-f2b2-4450-af6d-675e646c2488",
        "output": "東水旱，盜賊濁發，西北二國窺觀日久，於是條列茶鹽、常平等利弊，於是說： 為今之計，當其大者，莫大於土木之功，現賜大臣一棟房，有時耗費百萬。"
    },
    {
        "id": "ba1bdb44-0baa-447d-b041-4169716a7d5b",
        "output": "闥活捉住一頭豬，從頭頂咬瞭，放在地上，豬仍然走來走去。"
    },
    {
        "id": "66189e2e-b1aa-475f-a9cf-1b1cbebc80b1",
        "output": "今學者大儒，各事高，教誨之方，誰繼之？"
    },
    {
        "id": "efd742ec-8f0d-46f1-afff-6c34d468eeb0",
        "output": "成王還幼，周公攝政，應當尊重祖先的禮法，周公擔心這件事，於是召見疑惑，對周公說： 你應該作為君主。"
    },
    {
        "id": "e98b8f5a-6d09-4cfe-96be-0562a26383ac",
        "output": "又下詔命令百司官吏依其原本的位置攝職。"
    },
    {
        "id": "7efea98b-646a-4bd8-b85c-0118d3493506",
        "output": "耕者祭祀之禮，汝則重之。"
    },
    {
        "id": "3c631802-79cf-4b2e-bf8a-8ced4ac60a84",
        "output": "災異為譴罰，如雷殺為懲，不可。"
    },
    {
        "id": "f525edb2-3118-4f95-827e-b644572f41f0",
        "output": "卒過河，燒旗檀，天人各自燒，皆不著。迎葉復流沙，呼號痛哭，悲不勝勝，感天地，此後不點火，柴自燃。"
    },
    {
        "id": "a5c7bb63-07f7-4e10-b04c-89b436d841da",
        "output": "錄事季文白，法乘大怒，把他從獄中迴去。"
    },
    {
        "id": "92636fb8-dca3-4ca0-9855-fb05e4724662",
        "output": "晉武帝太康二年，有司奏請： 三年正月立春祠，那時天氣還很寒冷，可以做儀式。 皇帝下令說： 郊祀禮典所重要，中間因為軍國有多事，臨時有所妨害，所以每次都依奏行事。"
    },
    {
        "id": "4b391e6d-fce0-4c71-a75d-e5bc2e3dfb4a",
        "output": "鞦，七月，己未，參竟以災異免。"
    },
    {
        "id": "0f00462c-ae71-4410-81d6-f07d64b61d33",
        "output": "事之規，二大不共存。王氏與劉氏，亦不可並立。若王氏傢有泰山之安，則皇上有纍卵之危。"
    },
    {
        "id": "9cc474be-04f9-46b1-9fbf-bba5f35e074c",
        "output": "正德二年，漕運官吏請疏通水邊之倉，曰： 昔人民運糧於淮、徐、臨、德四倉，以待衛軍支運，後改於附近州縣水邊交兌。"
    },
    {
        "id": "33178d9c-fd28-4324-8ac7-cc4ad14c4ca1",
        "output": "叩頭而淚橫。"
    },
    {
        "id": "fbe157c0-a0d2-4403-9aec-6d44057cebb6",
        "output": "古赫胥氏之世，黎民百姓居處不知道做何事，行動不知道去哪處，口裏含著食物嬉戲，鼓著吃飽的肚子遊玩，人們所能做為是此矣。"
    },
    {
        "id": "d15940f7-52d6-4f67-9f82-18d7a20af249",
        "output": "翌日，錦衣衛陳鹵簿、儀仗於丹陛及丹墀，設明扇於殿內，列車輅於丹墀。鳴鞭四人，左右北嚮。"
    },
    {
        "id": "b74e5f5e-9521-41ff-a31a-f1d38d1f8b41",
        "output": "殺人太多，鮮血流滿帳前，而素仍談笑自興。"
    },
    {
        "id": "2ff6719c-1b70-4656-8c8f-6775d83922ad",
        "output": "擯者進。"
    },
    {
        "id": "85ca3710-cf41-46b1-aac6-199f388cfae2",
        "output": "這裏所謂的名可強立者，是指可以獨立強大的人。"
    },
    {
        "id": "db2cd06b-1fa8-48e9-97ac-fc0e77a25b95",
        "output": "帝疾，內外憂慮，帝於是為詔： 病無大疾，將復善。"
    },
    {
        "id": "7b05f621-1e96-4f1a-afb5-b52b1826e26e",
        "output": "曹融說： 買瞭死馬的骨頭，也是因為郭隗的緣故。"
    },
    {
        "id": "857a2290-2fad-4edd-9850-e24891c11b76",
        "output": "我是為甫二歲才將他調到此地，是為報復他不聽從權貴。"
    },
    {
        "id": "5c735bff-d029-443e-9a31-c5c672829733",
        "output": "十月，詔令禃籍編織編織畜牧役民齣發兵馬，運送軍糧餉，助理軍傢的儲糧事務。"
    },
    {
        "id": "e647e01c-6be0-4201-b88a-e75e4bfab9ea",
        "output": "與之變瞭瞭，是為為古人害怕的所謂事情。"
    },
    {
        "id": "5cc1255b-efc1-4e96-9824-938b9c37488d",
        "output": "仁聞公孫希敗平規，將齣兵救苻丕。"
    },
    {
        "id": "91650fd4-6b91-474a-b301-9e0187d4f9a3",
        "output": "她高壽何數？"
    },
    {
        "id": "ec0ac35d-af69-4c47-9152-e3ea8a60b3d8",
        "output": "文言文翻譯：婦有七齣、三不去；七齣者：不順父母齣者，無子者，婬僻者，嫉妬者，惡疾者，多口舌者，竊盜者。"
    },
    {
        "id": "0bd01970-ca46-4029-ab5a-c31b68d550d6",
        "output": "晉孝文帝贊賞瞭。"
    },
    {
        "id": "bf807777-1e4c-4c07-a24d-fb2e83e4642f",
        "output": "二十四日，車駕謁赴太廟。"
    },
    {
        "id": "9d31ce9d-66bf-4179-b110-e644cd293ea3",
        "output": "前輩或討厭他的話，就張嘴吼叫，如果尊敬他的話，就齣垂肚腹。"
    },
    {
        "id": "aead802d-528b-4209-a9e0-580182a0fcdb",
        "output": "因此叫瞭男孩圉，女孩妾。"
    },
    {
        "id": "34f23d48-e2b3-4a02-929e-4066e4a612f7",
        "output": "王為大國之君。"
    },
    {
        "id": "cae19ebb-3297-485f-bb43-b70013c7f0dd",
        "output": "久之，相與寢處，窟中都自四虎，妻婦人則最老。"
    },
    {
        "id": "9ac8a5af-b43a-40f4-8378-e3f973fc6819",
        "output": "六部將六政府，各部屬官為從事，六科將諫議，十三道將直指使，翰林院將弘文館，太僕寺將驗馬寺，巡撫將節度使，兵備使將防禦使，府州縣長官分彆將尹、牧、令。"
    },
    {
        "id": "2c0caaf9-904a-425f-b516-de4dd438d66c",
        "output": "以心為據，把自己的好惡也據彆人。"
    },
    {
        "id": "91da5e6d-733a-491f-ac3d-f089237c5211",
        "output": "吾麵是如何得到吾民的心靈的，豈有別人呢？"
    },
    {
        "id": "daaa6cad-b6f3-4110-93c4-c88fd3f74f1d",
        "output": "十六年，陝西旱。"
    },
    {
        "id": "4248e35e-3518-43d8-aacb-233a3a606f60",
        "output": "東陽少年殺死瞭他的父親，聚集二萬人，要立嬰為王。"
    },
    {
        "id": "83085b49-c866-4a64-b91e-8e9d14577a6f",
        "output": "是以說二省之糧，即諸般納獲，而不足祿米之一半，何況官吏之俸祿、軍隊之糧餉兩者又自其中齣呢？"
    },
    {
        "id": "078a213f-4242-4145-8c3f-415728267aa8",
        "output": "便嚮傢人說：梯子在傢內，廣城東北隅三十步處，堆積著大量膏油、脂肪和薑葦。"
    },
    {
        "id": "9d3cdcf9-8aab-4a7f-a2f9-4260677838db",
        "output": "轉任直正員郎，兼任給事黃門侍郎。"
    },
    {
        "id": "44fef78d-43d9-4b77-bc26-e90f1c34f042",
        "output": "孔瓚半日曰： 今免您，韆萬不可吐。"
    },
    {
        "id": "0590b9b9-5cda-4fdb-ab0a-e16b9a9ace36",
        "output": "追封吳璘為信王。"
    },
    {
        "id": "f4053bde-f37f-42de-83f1-45cb0605eaed",
        "output": "後文祖以舊語譯注皇誥，辭義通辯，超授陽平太守。"
    },
    {
        "id": "53c5a76c-e8bc-4947-a112-063fd2804310",
        "output": "漢劉曰： 孔子論詩至，殷士膚敏，裸將於京，口胃然長嘆曰：大哉天命，善不可不傳於後代，故說富貴無常。"
    },
    {
        "id": "78e69ebd-0930-4175-8657-b720e97d8cbb",
        "output": "敕令： 官吏受賄及倉庫官侵盜，颱察官知而不糾者，驗其輕重罪之。"
    },
    {
        "id": "225aa4a9-42c7-4168-9904-a1e3706e5ef5",
        "output": "又發冊授長孫無忌為司空，主門下、尚書事，無忌辭之，又托高士廉奏請，曰： 以外戚之身占三公，有懷之者謂之為傢所謀私利。"
    },
    {
        "id": "decd458c-5b25-40d5-8152-3049a0cdc79b",
        "output": "鼕，王歸自虢。"
    },
    {
        "id": "d88714e8-6193-4d48-a455-035c64a9ce67",
        "output": "聘禮之禮。"
    },
    {
        "id": "36e8de68-6958-4731-91c7-aaaba511310b",
        "output": "尹惔至長史濛談，時脩十三歲，乃依旁聽。"
    },
    {
        "id": "d0dc2cd8-9c6d-4653-a788-7a711f382cb6",
        "output": "根據你的說法，這個事情剛好瞭。"
    },
    {
        "id": "308738e5-aa94-4605-b85c-fe75d55db907",
        "output": "使勤奉策書司徒府。"
    },
    {
        "id": "9789b646-cc0d-47b4-9e8b-d1c4b7b44346",
        "output": "士廉既任遇益隆，多次上奏，成輒焚稿，人們都不知道。"
    },
    {
        "id": "67078685-7438-4899-9568-ebb5526c4e75",
        "output": "若此，則無言。"
    },
    {
        "id": "6857e25e-d735-4ae2-bead-7d6be5192ecc",
        "output": "晉自泰始年至今元熙二年，一百五十六年。"
    },
    {
        "id": "4af423b9-cd08-4e87-8326-f6647857d2d2",
        "output": "準備先前去拜見裴頠，裴頠性情善良，對於喬裕有高雅的品德。"
    },
    {
        "id": "1c494ae3-1df0-4ce8-ae4f-3857864dec25",
        "output": "崇政殿受冊，夠之矣！ 元宵節燈宴，夫人登樓，皇上必增禮儀，於心不安矣！ 僅賜燈燭，為後日常。"
    },
    {
        "id": "52fc428d-d929-4b5a-8c68-0380808018b9",
        "output": "太後住顯陽，上殿禮教差，嬪妃同居，偶留太後之室，故社事於是顯。"
    },
    {
        "id": "2fa8bbeb-ef2a-429a-9e60-dd82a8b9052e",
        "output": "其水東北流為新溝，新溝又東北流，徑牛首鄉北，稱為牛建城，又東北注入渠，就是沙水。"
    },
    {
        "id": "d4a22cb4-dff7-4f64-b2ae-0fec7d5e7eae",
        "output": "蠕蠕儘管畏懼壯輕老，我也不能輕易地對她欺負。"
    },
    {
        "id": "258dbbe2-456b-4643-b301-eb7c73b5eaaf",
        "output": "復恭養子楊守立，字弘立，猛勇果敢，眾畏。"
    },
    {
        "id": "134dca67-ff20-4582-a6aa-7610a0c00822",
        "output": "這一難忍也。"
    },
    {
        "id": "42ae63a9-9eac-4e03-b068-4559915da042",
        "output": "乃唱曰： 大臣歡悅啊，君王奮發啊，百事發達啊！"
    },
    {
        "id": "7ec8c29b-2271-4123-8bd4-201a8c1f203e",
        "output": "陶在太學，上疏曰： 聞人無天不生，天無人不靈。故帝無人不立，人無帝不安。"
    },
    {
        "id": "5aee8323-eb45-42c4-a26e-71a8060a29b0",
        "output": "明僧紹在《正二教論》中說： 佛明其宗，老全其生。"
    },
    {
        "id": "27542736-3f3e-4724-9a5d-455110abc090",
        "output": "吾應當於事。"
    },
    {
        "id": "b83a164b-e810-4075-a220-2f4f70374232",
        "output": "五年，隨總督淩雲翼大規討羅旁敵賊，斬殺敵賊一萬六韆。"
    },
    {
        "id": "03e35097-f6bf-4416-9974-8e8d5b622708",
        "output": "二十四日，徵濟南王康、中山王焉會烝祭。"
    },
    {
        "id": "0c8347db-407c-44e9-a91b-d476c58f0d51",
        "output": "想阻止水沖擊，怎麼能與大江相比呢？"
    },
    {
        "id": "7cfccb6e-ab89-4ae6-b38a-065ed249b12d",
        "output": "曰： 乃安毛喜於小郡，不許參預政事。"
    },
    {
        "id": "7128f950-5ce6-48ad-9a15-e3a6df0a0ae9",
        "output": "慕容儼，字恃德，清都人，廆之後也。"
    },
    {
        "id": "344253bc-8de4-47bc-bf05-11ec0bf6098f",
        "output": "今朕以斂百姓，多聚財物以賂突厥，突厥恩戾不悔，而助突厥不止。"
    },
    {
        "id": "6297dca1-f3b3-4c85-b77b-5552dbcffe18",
        "output": "喜乃入興。農夫徵吳郡，琛亦棄郡奔會稽。"
    },
    {
        "id": "78100340-a292-4018-9162-0a2d57f1eb43",
        "output": "預曰： 上有憂，輔大臣殺，王交惡。"
    },
    {
        "id": "21d6a3cd-95bd-4573-8baf-91c25749ad72",
        "output": "將賜予為父後的人一級爵位。"
    },
    {
        "id": "f99673b3-0492-475b-9d38-2ba82b089cfa",
        "output": "王以上卿的禮饗管仲，管仲說： 我是賤賤的，有天子的兩位守護國傢的人，高高在上，難道我在這裏節節嚴嚴的，嚮王請命，怎麼能以禮為饗呢？"
    },
    {
        "id": "c90cba4e-1f75-4c16-9e6b-fe5f9fd3bc51",
        "output": "唐劉希夷一名庭芝，汝州人，年輕時很有文學才華，喜歡寫宮體詩，詞旨悲苦，不為當時的時人所重。"
    },
    {
        "id": "46f0a062-4784-42f3-8671-d7d39d545521",
        "output": "崇禎十七年三月，李自成入禁宮，帝命承恩提督京營部隊。"
    },
    {
        "id": "511e0eb3-5cba-4eee-955a-0c9dfa711513",
        "output": "二月，崇煥為僉都禦史，辦軍事，寜遠。"
    },
    {
        "id": "fe517cf1-179e-4146-84f5-8704289883bf",
        "output": "現在我追隨國傢，就是迫使眾人歸還，追蹤窮寇也。獸猶如鬥獸，蜂蠆有毒，還有大眾，怎麼能迴來呢？"
    },
    {
        "id": "b2c03c33-24d8-4643-abb1-26e1ab72cb19",
        "output": "自渡江唯置一尚方，又省禦府。"
    },
    {
        "id": "18bf435f-2702-4b46-aeb5-6ae18d4229c0",
        "output": "即帝又遣使趕赦高祖，起兵停止。"
    },
    {
        "id": "842222cb-5de2-4e18-954d-4e7cc6f3f491",
        "output": "群臣拜帝喜，豐收之年人安康常如此。"
    },
    {
        "id": "43d19400-1474-4a17-a45f-c80305750a35",
        "output": "曉至營地，已經聽到瞭部下哭聲，嚮來執錄，於是把這個人叫做福之魂。"
    },
    {
        "id": "6fd0aae8-c828-45fd-9b30-6554aeee7d17",
        "output": "傢人認為這是不可辯駁的。"
    },
    {
        "id": "e0b4a07a-a132-4460-bf9d-30c12484fb36",
        "output": "孛星入心，天子嫡庶爭。"
    },
    {
        "id": "6eb517d1-62ac-42b0-b230-539ed2df366c",
        "output": "禦史任植也念經獲免。"
    },
    {
        "id": "7bc3756b-4133-4651-9f72-c5e122deba7f",
        "output": "多造馬槍及諸器械，使武略大將二人以鎮撫之。"
    },
    {
        "id": "1c2a8368-9dc3-4fa8-9dac-fcfcfeb78e41",
        "output": "七月，秦、雍二州隕霜，殺稼也。"
    },
    {
        "id": "049390ee-53ad-43d6-a8d7-b50a55a1cae8",
        "output": "業婆在州上四年而卒。"
    },
    {
        "id": "0f796b1c-bb07-4319-8ecf-7798a0085ddf",
        "output": "操行違背禮法，墳墓蕪穢，魂魄卻歸去不食。"
    },
    {
        "id": "4ebe1471-f2df-449e-b178-f829c181ba59",
        "output": "然脈法不能驗證，診疾人以評斷病人的體質，於是可以找到同名的病主，命病主在該地居住。"
    },
    {
        "id": "eb547ec2-f95f-4d86-9eb9-cc5afaab2260",
        "output": "糧食是國傢的根本，而殿下沒有原因地散發瞭，虛損國傢的儲備，怎麼能做得好呢？"
    },
    {
        "id": "5aa2007b-cc41-4439-ac89-369b5b2b6cf4",
        "output": "賈夫所生之子，劉彭祖、劉勝。"
    },
    {
        "id": "d92ed4c7-5249-4b78-852f-c89c4a72bb1e",
        "output": "鼕十月初一，日有食。"
    },
    {
        "id": "f381f418-c157-4593-a581-274a973a1547",
        "output": "叔孫氏用盡所能為臣。不然，不能捨棄。"
    },
    {
        "id": "c15e3a8a-65f0-40f8-91ad-6ba048b0738f",
        "output": "韶書為之。"
    },
    {
        "id": "9b5fe7a3-cc52-4754-a602-8cf167197284",
        "output": "高祖下詔慰留韓慰，讓他又坐在統帥的位置上，韓繼英不敢再次齣兵。"
    },
    {
        "id": "0dd50bc7-3101-4236-842e-9ee387e35dcb",
        "output": "齣入乘牽車，從者不過兩三人，以矯其濫欲。"
    },
    {
        "id": "5d77c673-3de1-4331-bade-debac1836760",
        "output": "張君因為昨晚所見，所以妻子夢裏也。"
    },
    {
        "id": "f3e0ae5d-f7fe-45f2-89f4-0dcb9a70b633",
        "output": "於是又更加嫌棄瞭。"
    },
    {
        "id": "c15c3a01-d590-4851-a332-dfc29168f84c",
        "output": "國忠但押一字，猶不可遍"
    },
    {
        "id": "a91ef32e-6214-45ed-bb9c-db89e18b077f",
        "output": "而喪期滿之後，亦如喪時一般。"
    },
    {
        "id": "197daaf3-45b5-4881-ad63-17c70de742b2",
        "output": "輻長四尺五寸，輻寬三寸，厚一寸。輪牙周長二丈七尺。"
    },
    {
        "id": "4a09f289-c7ec-47e6-9cc8-4ea68a9e9d78",
        "output": "十月初一，皇上下詔說： 懸爵在朝上，而有功的人必定獲得賞賜；懸刑在市場上，而有罪的人必定受到懲罰。這是古今之成典，治道之實要。"
    },
    {
        "id": "67b3bc0e-7b79-444a-a94b-4043fcd037c6",
        "output": "曹蘊因為跟國姻有怨隙，不想做內閤，又升為都督浙江東五郡諸軍事、會稽內史。"
    },
    {
        "id": "24845401-68ea-4436-9986-10d1aa3b715a",
        "output": "晉國白章宗，章宗說： 把錢給姑姑，奴僕就可以釋放瞭。"
    },
    {
        "id": "705a6d3c-5111-4d49-801d-11ca332b4f59",
        "output": "武定中，北廣平太守。齊受禪，爵位降至。"
    },
    {
        "id": "bce16bfe-f45e-4982-b2cd-b9c62e160d30",
        "output": "轉往德勝門外，亨用謙的命令，伏兵誘擊，死者眾多。"
    },
    {
        "id": "2288eb8c-cd16-45df-adc5-0e4a0ad29f6d",
        "output": "楊威被人問起這一點，威說： 楊公有奸詐之心，無英雄之氣，怎麼能得我呢？"
    },
    {
        "id": "dbe6965a-e09c-45c2-9720-557240f1398c",
        "output": "自近代以來，母能以子崇者，唯王子矣。"
    },
    {
        "id": "5ec0f8d4-e498-4c61-ad3a-e25af3831114",
        "output": "明帝即位，任領軍長史，遷諮議參軍。"
    },
    {
        "id": "94d97253-fdd9-4e72-a6b4-04ab1fdfe2c5",
        "output": "瑾誅後，復職，又為國子司業、祭酒，充經筵講官。"
    },
    {
        "id": "805a71cb-dc94-4291-b9ed-a5138e2a1788",
        "output": "纍懼而遷於魯縣，立堯祠於西山，所以堯山。據說張衡《南部賦》說：奉先帝而追孝，立唐祠於堯山。"
    },
    {
        "id": "91f6adef-40cd-438c-87aa-a1c5c5e03333",
        "output": "六日，以左散騎常侍孟白皋為福建都團練觀察使。"
    },
    {
        "id": "7bca1449-5f3f-4746-95c2-a7caaf09183b",
        "output": "從中興以來，荊州一直是獨立的，直到劉錶任牧，人民又豐樂起來；到建安九年，當初才開始衰敗。"
    },
    {
        "id": "746bbd9f-ae71-4086-ad16-8cef6f60bda2",
        "output": "今天聽到司農，這是擅創律法的。 提舉官嚮瞭曰： 你這個人很傢，請你停止造律。 不久，朝廷知道這些律法害民，就罷免他。"
    },
    {
        "id": "2fa8c2bb-db1d-4e13-b442-2430989f5209",
        "output": "十一月，武皇於幽、鎮、定三州徵兵，臨華以迎，幽州劉仁恭以契丹入為托，謂敵退後，從命。"
    },
    {
        "id": "98641b88-477b-4a48-8c52-48c1f3e7b9d0",
        "output": "帝曰： 此為吏職，由吏斟酌。"
    },
    {
        "id": "59b71970-0994-4a11-a55b-a02e12afb4e4",
        "output": "安西過是京兆行省與禦史颱衙所在，號會府，前官積公文三韆，世延不齣三月，皆畢。"
    },
    {
        "id": "d6f92ac9-ba36-4ebf-af12-77d129acf7ff",
        "output": "漢文帝擔任代王，都在中都。武帝元封四年，上朝幸中都宮，在殿上賞光，赦免中都死罪以下。"
    },
    {
        "id": "e9247ad2-c5f5-4688-9ce4-9fd7b1b55013",
        "output": "功名之地，讓我們將它與古代的狀況相比較。"
    },
    {
        "id": "85610099-5a7e-4436-98ca-2458c8b15462",
        "output": "三月丙寅，宴群臣及國老、庶老於華林園。"
    },
    {
        "id": "1e002768-3c69-4762-9e19-c71cbb0fd1ef",
        "output": "二十三日，漢朝派使者進貢茶葉藥材。"
    },
    {
        "id": "8a5eec7e-a1a0-442f-bbac-6f3c4975e552",
        "output": "時景宣附鳳翔李茂貞。七月戊寅朔晚，閻圭、繼晟、行實兼攻東市，請齣走。"
    },
    {
        "id": "0fedfeb5-acf7-4f45-ae01-805e2e15e35b",
        "output": "不忍耽誤瞭你，上任丞相、高陽侯的印信，把你召迴京城。"
    },
    {
        "id": "17e5eb78-50be-4654-806c-736f5f0b0c32",
        "output": "要先領導我們呢？你快到瞭吧！"
    },
    {
        "id": "56e8217a-6f2e-46ef-aa13-2982012f28f5",
        "output": "廣漢任安學精於安術，與杜瓊同師而名問過之。"
    },
    {
        "id": "4321b379-4137-4f31-a3a3-9b2935bf6606",
        "output": "他赦免天下，賜給雲陽都百戶牛、酒。"
    },
    {
        "id": "a245da15-a75c-4369-bb82-8d9464d2d6f0",
        "output": "壬午，拜安陵、永昌諸陵。"
    },
    {
        "id": "33280e94-3da5-4588-a016-db84b7cf4667",
        "output": "君行，太子留守，為監國；君行，太子從行，為撫軍。"
    },
    {
        "id": "a0405cab-d939-4ad1-9388-982a3dd98649",
        "output": "後王鍔馬燧兩進宮。"
    },
    {
        "id": "f24a6494-1a7e-40aa-868a-9009fc3ae46d",
        "output": "《鬱人》曰： 大祭，鬱人及量人為副職。"
    },
    {
        "id": "4462a4ff-2d4b-4bf1-a1a6-99a43df440d8",
        "output": "今天城北鄆亭的確是這樣。"
    },
    {
        "id": "9daaa0f6-323e-4fec-ad18-3f2af6ce4015",
        "output": "延伯直抵達天生營下，揚威脅迫他，徐引兵嚮還。"
    },
    {
        "id": "32c8a4b4-0d54-4ed9-af35-d2e3e0d7931b",
        "output": "諸王即將啓程趨封，印璽帶何其鼎盛鮮明!"
    },
    {
        "id": "5c469282-d261-43ec-a081-a90ade4604c2",
        "output": "三月戊寅，尊皇後為慈懿皇太後，貴妃周氏為皇太後。"
    },
    {
        "id": "fe191f74-f0ae-43d4-9c4f-7300b4851e53",
        "output": "朕因缺德而尊位，招賊寇橫行，今見於君，至慚矣。"
    },
    {
        "id": "37364f2a-aa95-44a0-b18a-5b786e26adda",
        "output": "五月庚辰，帝往正武殿，招大臣宣《禮記》。"
    },
    {
        "id": "86d50638-7a3d-41ca-8617-f2d13456bcc5",
        "output": "超既西，先到達闐，廣德的禮意非常疏遠，還有這些俗信的巫師，巫師說神明怒氣沖沖的，說為什麼要嚮走漢朝？"
    },
    {
        "id": "8962f18b-c735-4407-85ef-9ab6d9f7fe39",
        "output": "十一日，又召見道士柴又玄，詢問他關於無為之要的事情。"
    },
    {
        "id": "2d773827-80fa-4766-9131-e2001155e90f",
        "output": "贄以：賢主選將，授重任，責成效，故有所樹。"
    },
    {
        "id": "f4a91058-3837-4c26-9d48-2209ac1029a2",
        "output": "秦始皇問李信說： 我想征服荊州，你用多少人？"
    },
    {
        "id": "ec6fcc8a-3069-46ab-a15a-df9beb02491d",
        "output": "三月，檜孫敷在文閣待製塤試進士舉，省殿試皆為第一，檜孫的兒子檜從、檜焞、檜焴、檜姻黨周夤，檜孫的姑姑檜瀋興的兒子檜興傑都登上第一，士論認為不公平。"
    },
    {
        "id": "8d045d70-4bce-4469-8946-c6acbfa0d860",
        "output": "遠為讓錶，處讓曰： 皆執政意。"
    },
    {
        "id": "83e2e125-02c6-4174-8fb6-17f626019c85",
        "output": "有謠曰： 寜逢五虎入市，不欲見臨賀父子。"
    },
    {
        "id": "c30e6494-d570-4555-89b2-111c0f1c57f9",
        "output": "崇號謚，略可道者有七十二人。"
    },
    {
        "id": "dd5ca327-6848-4c9b-aa35-a2ff3083df83",
        "output": "除衛將軍、國子祭酒。"
    },
    {
        "id": "65cd8445-724b-4117-9b6a-f5ec021b9cbc",
        "output": "忠嗣佩戴四將印，控制萬裏，勁兵重鎮，都歸掌握，自國初以來，沒有這樣的事情。"
    },
    {
        "id": "c7a3b8ad-21d4-40e4-b52c-a690a6ffd43e",
        "output": "曹及移領河中，兼侍中，參加天和節入覲，改賜輸忠守正翊亮功臣，加開府儀同三司，增食邑至五韆戶，實封五百戶。"
    },
    {
        "id": "005c04ae-b012-4770-8af6-b6bce5f0a15f",
        "output": "明年，武帝和將議曰： 翕侯趙信為單於齣謀劃策，總認漢卒不能橫穿沙漠，現大軍齣徵，必有勝也。"
    },
    {
        "id": "041e5ef3-d12b-4967-805b-da46b97ff8aa",
        "output": "漢明帝時，池中養荷，一莖生四葉，則如四車蓋。"
    },
    {
        "id": "c1938f2a-5c09-48f3-94ae-40e619d4f2df",
        "output": "樗裏子是秦惠王的弟弟，與惠王是異母兄弟。"
    },
    {
        "id": "80492aa5-c3d0-4c6c-9bf1-6432b5c1c584",
        "output": "如果按照伊尹的說法，必然到七世，則子昭的孫子穆，不列婦人。"
    },
    {
        "id": "35d93da9-7f4e-40ff-8310-6e647b40da55",
        "output": "繼能曰： 母婢焉，賊掘其寢，繼能嘗狂於狂，繼襲嘗狂於狂，繼能、繼襲皆死。"
    },
    {
        "id": "6613ac0a-92db-4ab8-861b-d092ded57320",
        "output": "朕與於兩地，為心恩，為心腹。"
    },
    {
        "id": "c1904a85-43c0-4806-ac2c-dd79a5494c69",
        "output": "靺鞨人與靺鞨人同俗，喜歡盜寇。"
    },
    {
        "id": "82da739e-4ece-49ff-a2e8-e6bf9f37c42a",
        "output": "諤見禮教凋敝，公卿剛死，其愛妾、侍婢，即嫁、賣掉，故形風俗。"
    },
    {
        "id": "037d5ecc-03ce-4748-88e0-ca3d84396263",
        "output": "於是做成瀋命，說群盜起不發覺，發覺而捕捉不滿品級的人，兩韆石以下的小吏主，都要死。"
    },
    {
        "id": "58d2fddc-d4c4-4dfc-8e7b-3373d11e8f4b",
        "output": "觱篥李蔚，初為官時為事濟民，甚有政績。"
    },
    {
        "id": "82ca008e-1f92-4978-bb50-ef7ba4c23406",
        "output": "你是明奴的人嗎？"
    },
    {
        "id": "405b0fab-ac00-4fe5-a70d-1b85cb1eb5c4",
        "output": "右丞相平徙升為左丞相，太尉勃升為右丞相，大將軍灌嬰升為太尉。"
    },
    {
        "id": "c795e8da-6602-441b-9632-a6eb4d5e429f",
        "output": "建武元年，為禦史中丞。"
    },
    {
        "id": "783cf9ec-8680-4df2-9cc6-009a1a53e241",
        "output": "如果不是臣衡等人的閤推，皇上對這些皇帝的評價是罪盡臣衡等人，應該受到懲罰。"
    },
    {
        "id": "da56ff41-d28d-424a-92df-74510036ac3a",
        "output": "黃龍三年春二月，孫權使太常潘濬率五萬部徵討武陵少民。"
    },
    {
        "id": "2dfd7834-e59f-4f10-a865-0bdbdbb48ed0",
        "output": "禁鑄錢不可為，傷害必大。"
    },
    {
        "id": "440236ed-2454-4c32-9e4b-21a4353b5368",
        "output": "唐主召言入，言不至，謂王逵曰： 唐必討言，何所？"
    },
    {
        "id": "aefb9ce0-12ac-49c1-a5ce-c83166b41c18",
        "output": "九月九日馬射。"
    },
    {
        "id": "de4f7bce-fdbc-47e4-aeb5-151c08b5905b",
        "output": "元嵩遣兼統軍李叔仁等人援閤肥、小峴、楊石，纍戰敗之。"
    },
    {
        "id": "0a1fbcf9-389e-44e2-9152-74930293659c",
        "output": "奇怪者將皆此類。"
    },
    {
        "id": "d029d6f7-63f4-4109-829d-09bf3a696040",
        "output": "答案：貶涪州彆駕、黔州安置，說者則說這就像處善地的法律一樣。"
    },
    {
        "id": "b6b8dca0-aed4-479a-b5b2-190786ad9210",
        "output": "九疇節儉而無彆之愛，公事盡而焚香，潔名於婦孺，婦孺皆知其名。"
    },
    {
        "id": "bb678611-565b-4be7-a2a2-a392da3c13f8",
        "output": "喪者喪聽，哭泣；喪者問，哭泣；喪者問之，哭泣。"
    },
    {
        "id": "64696fc0-a6c0-4f3f-b5b8-378887952c81",
        "output": "皇帝欣賞她，封她為弘德夫人，進左昭儀，受到寵愛。"
    },
    {
        "id": "9351f26a-f9ae-45ff-96f1-215d2ed0b552",
        "output": "壬午，製薛為留後。"
    },
    {
        "id": "553ca84e-2e1e-4481-8b9b-327eead6063f",
        "output": "趙普奏請朝廷換革金幣，開四門齣兵，排列旗幟，風馳雲走，兩軍列陣。"
    },
    {
        "id": "2a6a376b-eb34-4041-b407-35c4c8c130d6",
        "output": "母親說： 貧賤的我們兒子忽然變成瞭富貴，難道可以瞭長久地保住嗎？我寜死不能與你一起走入禍敗。"
    },
    {
        "id": "83b032da-4a94-4693-ba28-98bdfa3b3da7",
        "output": "叛大將丁文豪，皂莢橋擊官，往硃雀桁南。黑騾離新亭北，至硃雀桁會。"
    },
    {
        "id": "9ec30e83-67f8-4eb3-95d1-c73d291c3bd2",
        "output": "初為秘書郎，死歲二十一。"
    },
    {
        "id": "5d4c6c3f-7b42-4eda-b193-d2768353088b",
        "output": "心惡吉，精黯兮。"
    },
    {
        "id": "55e061df-ae50-4738-a417-dd21901d2c16",
        "output": "夏民貪戾，夏殘。"
    },
    {
        "id": "523e4b59-2455-4343-bd1b-2d9878763e6f",
        "output": "到峰，寂無人居。"
    },
    {
        "id": "83cf7c79-084d-446e-947a-03f4b485a8ce",
        "output": "蠻軍潰逃，遂拔大理，擒其酋段世。"
    },
    {
        "id": "dee25add-cfd0-48d1-8518-cbea8c0c8616",
        "output": "商朝不能用。"
    },
    {
        "id": "0156f07a-f041-4bec-9f04-2bc4aa6944d6",
        "output": "古代的史倉頡讀過二象爻跟鳥獸爻，觀察瞭鳥獸留下的跡象，彆創瞭文字，以代替結繩，用書契來保證交易。"
    },
    {
        "id": "1b3bdd15-8b7e-44f6-af30-d57e9cbb247d",
        "output": "見韶後，哭而不語。"
    },
    {
        "id": "cf09be06-cf32-4502-901d-821afb8e03c1",
        "output": "第十八章，齊閔王失去國傢，問道，是因為陳國今天崛起，而齊國則崩潰瞭。"
    },
    {
        "id": "364fee8a-45bc-4f58-92d9-cafc8085fe09",
        "output": "人或鑿崖取之，即風雷為變。"
    },
    {
        "id": "bdb5da27-91b9-428d-ba77-921a53e174f4",
        "output": "四十五年，五大夫賁攻打韓國，攻下十個城池。"
    },
    {
        "id": "4cce3ee9-5028-45da-b0fa-c9703c4216e0",
        "output": "二十六日，青州楊光遠叛降。"
    },
    {
        "id": "d4f9355b-bbfc-4d64-858b-fdb78487a831",
        "output": "到那時候，果然有瞭應該的事情發生。"
    },
    {
        "id": "58ad0068-f7a0-45d1-9eda-2235f0fef5f2",
        "output": "十月，甲辰，天官侍郎、同平章事顧琮去世。"
    },
    {
        "id": "e860237d-16f7-499a-897f-21fddf10c71a",
        "output": "兄弟倆都泣著哭齣瞭。"
    },
    {
        "id": "654a9636-a516-4418-87b4-4588be032615",
        "output": "今年，重申六經。"
    },
    {
        "id": "184b7041-65d4-469e-af51-b029ebc2ac69",
        "output": "所以不獲得諸侯的欽點，就不能升任為邇無極。"
    },
    {
        "id": "ef04862d-5298-4b07-aacf-5f815343db16",
        "output": "這是指靈茅。"
    },
    {
        "id": "2ee814fb-fc56-42fd-8ca9-f146c2f01619",
        "output": "第一次，公祏反叛，矯伏威令將軍帶督眾士兵，趙郡王孝恭平定公祏，得到公祏反叛的書信，這是趙郡王孝恭聽說的。"
    },
    {
        "id": "a7d9767d-843e-4eca-8541-25765a7fc475",
        "output": "丹旌電烻，鼓雷震。"
    },
    {
        "id": "d3eb5c53-4373-4d33-af5c-0d0b624c7769",
        "output": "莊襄王封相國呂不韋為文信侯，將河南洛陽十萬戶為封地。秦將濛攻韓，奪成皋、滎陽，始置三川郡。"
    },
    {
        "id": "f3db6078-fe6b-46ac-b9e2-bf5f1be8f124",
        "output": "壬子，下詔軍民不相統一，撤除湖廣、江西行樞密院，並且將它們納入行省。"
    },
    {
        "id": "95954dbd-ed2a-460f-86b5-8e8827a9d69a",
        "output": "土星：既晨閤，觀不可得，至三百八十四萬七韆六百七十五分半，兩度六百四十九萬 韆 百二十一分半而晨東，太陽西。"
    },
    {
        "id": "1f9eff85-4fb6-4d9a-a553-53ce81e1b4a3",
        "output": "夷儀之牆搶先登，又欲齣城門，死門簷下。"
    },
    {
        "id": "0f71af04-a840-4bd1-aa7f-d113f0082cbb",
        "output": "好的法律，讓人詭辯以中人。"
    },
    {
        "id": "81380878-a112-46e0-b95c-1c3403766790",
        "output": "不宴待，即使客人倒在前齣，也不讓客人吃飯，等到客人吃齊飯給它吃時，主人就迴迴齣去，然後客人坐在原地。"
    },
    {
        "id": "324670da-f568-405f-becc-efcc0f38428d",
        "output": "壬辰，女王真德去世，詔立春鞦為王。"
    },
    {
        "id": "0b9dd79b-c057-4b1c-8576-5779194f14f1",
        "output": "又有一次與群臣討論可以擔任重要職位的人，杞薦張鎰、嚴郢，而炎舉崔昭、趙惠伯。"
    },
    {
        "id": "b70302d5-adbd-4d99-87dd-c41a22c6fda3",
        "output": "大學士楊一清、張璁等請慶，禦史鄞人周相抗疏曰： 河沒清，不足損陛下德。"
    },
    {
        "id": "da7aa2d3-e476-44f0-b403-f26b59479676",
        "output": "昨日過不久，白馬排尿，濺於白鱉，鱉恐怖極，躍避。"
    },
    {
        "id": "96a49b49-d865-46e7-a798-d137e5a3e417",
        "output": "隨著時間的推移，世祖又命令護軍將軍尹悅、平東將軍杜幼安、巴州刺史王珣等人在一起，並受到文盛節度使。"
    },
    {
        "id": "e784e887-133e-424a-9d37-944a887d9314",
        "output": "如果從南香東北的方向逾山，則高壑重疊，路小而近；如果從南香東南的方向過礦逾東嶺，則深峽平夷，路大而遙遠。"
    },
    {
        "id": "6453efe2-0044-4d1f-b449-940825acd052",
        "output": "五月初三，李諒祚請求讓他進入馬、駝，皇上詔令他們一年之後可以賣給商人。"
    },
    {
        "id": "86a5b90e-f3b7-4649-b9ff-61df1deac684",
        "output": "十一日，詔修五王宮外府邸。"
    },
    {
        "id": "a492d22d-fa2d-4aec-b3c1-4be857a552d9",
        "output": "一時大門自關，左右皆驚，唯廣鎮然自若。"
    },
    {
        "id": "cbd01967-035d-4ff6-8332-6048cd74323b",
        "output": "十七日，封子重美為雍王。"
    },
    {
        "id": "adf3003c-c22b-4498-8ac5-1c4f4608427c",
        "output": "我知道這件事已經進行瞭，說的話沒有用，我真心希望陛下從此停止封事。"
    },
    {
        "id": "08b7d037-dde0-47be-a4c5-fa07a649ebea",
        "output": "朔方先鋒兵馬使白元光帶著迴紇兵於靈颱，會師雪雰嚴晦，吐蕃閉營撤退，於是縱擊之，斬首五萬級，捉獲禽獸萬人，把戰俘唐人數韆，俘獲馬、橐、它、牛、羊等等。"
    },
    {
        "id": "096a1c8c-371b-401e-9b8d-1f184299cccd",
        "output": "年，琉球、日本、安南、占城、真臘、爪哇入貢，日本以無錶卻之。"
    },
    {
        "id": "f7637f39-91c8-4f34-bf38-d3be889eb198",
        "output": "遷往麻風隔。"
    },
    {
        "id": "e881aba2-4179-45e7-ba3b-f545282aa9b1",
        "output": "解褐南徐州迎從事，公府參軍。"
    },
    {
        "id": "ef0443e9-9f57-41df-a95a-ec2eaf290c23",
        "output": "或有上官陳稱得失的情況，高宗會把這件事放在心裏，與群臣說： 君父一樣。父親有這樣的缺點，兒子怎麼能在這種情況下不說瞭，讓人知道這是錯誤的，而在傢內隱處瞭呢？"
    },
    {
        "id": "d4711a31-2da2-4d50-b033-ac29198c2745",
        "output": "李彪自以為獲賞，不憑衝而得之，故對衝漸疏，僅遇時整衣，以示禮，不敬。故衝漸疏之，對漸有怨恨。"
    },
    {
        "id": "758fe868-3091-4558-82cc-d690bc336bef",
        "output": "那就是澗水，《周書》所說的我蔔澗水東邊的水。說這是水。"
    },
    {
        "id": "698dec27-f850-4756-83c1-08f37ac71fa7",
        "output": "敬兒善為奉，為寵愛，為參軍。"
    },
    {
        "id": "38dd708e-1545-41f3-9620-5ac42fc7eee9",
        "output": "李湯問李沖說： 我所為，賈人總是知道，把我的事情當成自己的，這樣類似我來告訴你的人呢！"
    },
    {
        "id": "72ac8fc9-f152-47a7-80e0-b15968f9f74c",
        "output": "雍州之任，盜蓄積賬，專欺誘，遷命北伐，恐敵不敢援，待數月，仍欲寵姬愛妾，單人齣還，摟嬪妖，軍中喝調情。"
    },
    {
        "id": "dc879a8c-2fab-4ad4-891f-1af1c666ffa5",
        "output": "九年，禦史颱說博士趙亻叔四年，弟子皆為方嶽重臣或持節各部，已逾懸車，請退。"
    },
    {
        "id": "7d2d2d3e-4989-4403-99a6-8ed86f9e1eff",
        "output": "文言文：中平六年四月，少帝即位，封帝為勃海王，徙封陳留王。"
    },
    {
        "id": "4ecbf031-bb40-4bc0-b43a-39d193ef370d",
        "output": "相如醒，以老言獻給武帝，帝奬之。"
    },
    {
        "id": "7eeb751d-873d-4164-8033-5cb91161280d",
        "output": "暗地之間，使子曩烏以毒酒毒死士寜及其妻子兒女，奪印奔緬，以緬酋長之命，代替士寜為隴川宣撫。"
    },
    {
        "id": "da20ba9a-b967-4319-a9f4-5eeb2d4273e1",
        "output": "七月，次河中，王珂去迎謁於路。"
    },
    {
        "id": "aa325434-eb42-438e-8eb6-6e030e5197a5",
        "output": "故宜特禮，豈數規規。"
    },
    {
        "id": "0c91c2f9-2851-409f-8db6-a064ba089b54",
        "output": "潘捷餘因倪按院姓蘇之差役，逼要碧玉寶石，處境窘迫，屢催不來，不敢拿一物給人視，害怕差役拿住。"
    },
    {
        "id": "4cd3e015-8733-4b97-8ce5-69fe8fafee84",
        "output": "君主欲懷有中見，不入臣所陷。"
    },
    {
        "id": "94e39235-1a50-4fb0-a4cb-6dafbb286afc",
        "output": "六卿欲削國君，依法殺兩傢族之民，劃封十縣，與子做大夫。"
    },
    {
        "id": "a85afb95-0770-4360-9305-b1239a3530e8",
        "output": "永安三年，贈尚書令、司徒公，謐為文獻。"
    },
    {
        "id": "bb42aa8d-1350-4349-85df-94a1234b9174",
        "output": "武德六年，授隰州總管。"
    },
    {
        "id": "501f22a0-5e05-47e8-9c26-e8e2bf84acc4",
        "output": "況我為國效勞之懷已成泡影，而歸居傢園之誌嚮又不能順遂，邈遠如掉落之雨，飄零似鞦天之花。"
    },
    {
        "id": "97afe65c-d407-40b4-ae82-2f9abd4e50af",
        "output": "庶幾可以順應民鬆歇之願，希望諧閤鼓腹之歌，凡各道戶口，並免役，各農業。"
    },
    {
        "id": "34b29426-c87f-46b1-93d2-dd3cfdc1a7b8",
        "output": "卒為寜陵，離。"
    },
    {
        "id": "5539eb75-c9ad-4e50-b3b8-b4db8a89563b",
        "output": "上曰： 衹您管去，即召您往。"
    },
    {
        "id": "4845e684-05a7-4eaa-9744-8cae8e1b5110",
        "output": "而諸侯解散縱聯侍秦，乃秦可為天下。"
    },
    {
        "id": "6061f377-310b-474d-9f2c-97e7a81a6c9e",
        "output": "足太陽下，血氣盛則跟肉充滿，踵堅；血氣少血多則瘦，跟空；血氣皆少則善轉筋，踵下痛。"
    },
    {
        "id": "68db9695-f952-4df0-aa92-05498e769ba7",
        "output": "又接受鄧泳予的委託。"
    },
    {
        "id": "e35efd34-98ae-446f-8f28-77333a7d902f",
        "output": "二十捲。"
    },
    {
        "id": "d931cdbf-105f-4bb2-b0a7-a03ecaf35fd0",
        "output": "不知犯人數及所處。"
    },
    {
        "id": "bd84867f-4f46-49df-ab96-4a707849d7fb",
        "output": "宜陽甚危，韓君使至楚求援，使者發發，而楚將無一至。"
    },
    {
        "id": "e5057776-2691-4502-8638-b306280c4c5b",
        "output": "天尚未滿足於殷，就是現在才有這種成就。"
    },
    {
        "id": "afa983e4-1a19-4ac3-a846-2090901b00e4",
        "output": "邵摺禦卿剋岢嵐軍，捕獲其軍使摺令圖。"
    },
    {
        "id": "0b5fbd4f-a313-4568-84b1-0f1ef4a525f2",
        "output": "《董仲舒》一百二十三篇。"
    }
]